<table name="ignoreWaypoints" global_key="ignoreWP">
    <Localization directory="loc" default="rus.txt">
        <loc file="rus.txt" language="rus"/>
    </Localization>
	
	<Options save_file="ignoreWP_config.txt">
		<options node_name="ignoreWP" title_id="ignoreWP_title" desc_id="ignoreWP_desc" build_items="true">
			<option default_value="false" save_value="true"  show_value="true" name="invert_options" title_id="opt_invert_options" desc_id="opd_invert_options"/>
			<option default_value="false" save_value="true"  show_value="true" name="forbid_missing" title_id="opt_forbid_missing" desc_id="opd_forbid_missing"/>
			<option default_value="false" save_value="true" type="bool" show_value="true" name="forbid_pd2_methlab" title_id="opt_methlab" desc_id="wp_option_toggle"/>

			<!-- <option default_value="false" save_value="true" type="bool" show_value="true" name="forbid_pd2_TEMPLATE" title_id="opt_TEMPLATE" desc_id="wp_option_toggle"/> -->
		</options>
	</Options>
	
	<Hooks directory="hooks">
		<hook file="ElementWaypoint.lua" source_file="lib/managers/mission/elementwaypoint"/>
	</Hooks>
</table>
